frame,time_s,proxy_left_clearance_m,proxy_right_clearance_m,proxy_gripper_center_clearance_m,proxy_finger_span_clearance_m,actual_left_finger_box_clearance_m,actual_right_finger_box_clearance_m,actual_any_finger_box_clearance_m,actual_left_tip_box_clearance_m,actual_right_tip_box_clearance_m,rope_com_xy_displacement_m,rope_mid_mean_displacement_m
0,0.0,0.09647283661924302,0.11523327935300767,0.10541983652673662,0.09647283661924302,0.07355864346027374,0.09925585240125656,0.07355864346027374,0.07355864346027374,0.09925585240125656,0.0,0.0
1,0.033350000000000005,0.09674435067735612,0.11521943617425859,0.1054700236376375,0.09674435067735612,0.07382514327764511,0.09923211485147476,0.07382514327764511,0.07382514327764511,0.09923211485147476,4.780732706421986e-05,0.00024509374634362757
2,0.06670000000000001,0.09708561707101762,0.11520907986722886,0.10552417445741594,0.09708561707101762,0.07415740191936493,0.09923876076936722,0.07415740191936493,0.07415740191936493,0.09923876076936722,0.0001998457155423239,0.00042738637421280146
3,0.10005000000000001,0.09719637740217149,0.11526436317525804,0.10558455396257341,0.09719637740217149,0.07426059246063232,0.09933388233184814,0.07426059246063232,0.07426059246063232,0.09933388233184814,0.00039120003930293024,0.0005215274286456406
4,0.13340000000000002,0.09707014966569841,0.11537647951208055,0.10568689513765275,0.09707014966569841,0.07414695620536804,0.09947581589221954,0.07414695620536804,0.07414695620536804,0.09947581589221954,0.00048226965009234846,0.0006366471643559635
5,0.16675,0.09685052145086229,0.11546044755540788,0.1057604174669832,0.09685052145086229,0.07395020872354507,0.09956727921962738,0.07395020872354507,0.07395020872354507,0.09956727921962738,0.0004767464124597609,0.0007598020602017641
6,0.20010000000000003,0.09675591397844255,0.11551032174192369,0.10573951113782823,0.09675591397844255,0.0738709568977356,0.09961505979299545,0.0738709568977356,0.0738709568977356,0.09961505979299545,0.000481794704683125,0.0008732734713703394
7,0.23345000000000005,0.09672760177217424,0.1155541311558336,0.10571926045976579,0.09672760177217424,0.07385135442018509,0.09967014193534851,0.07385135442018509,0.07385135442018509,0.09967014193534851,0.0005062565323896706,0.0009673608001321554
8,0.26680000000000004,0.09669812727533281,0.11559902835451066,0.10569099295698106,0.09669812727533281,0.07383031398057938,0.09972617030143738,0.07383031398057938,0.07383031398057938,0.09972617030143738,0.0005129646742716432,0.0010551995364949107
9,0.30015000000000003,0.09669659245572984,0.11563131917081773,0.10568324435316026,0.09669659245572984,0.07383514195680618,0.09976387768983841,0.07383514195680618,0.07383514195680618,0.09976387768983841,0.0005192514508962631,0.0011349017731845379
10,0.3335,0.09673313010297716,0.11565447557531297,0.10572663653455674,0.09673313010297716,0.07387472689151764,0.09979631751775742,0.07387472689151764,0.07387472689151764,0.09979631751775742,0.0005304886726662517,0.0012162026250734925
11,0.36685000000000006,0.09679634082876146,0.11567898798547685,0.10579427290521562,0.09679634082876146,0.07393831759691238,0.09983043372631073,0.07393831759691238,0.07393831759691238,0.09983043372631073,0.0005382205126807094,0.0012922771275043488
12,0.40020000000000006,0.09689777303300798,0.11568740714155137,0.10591510642133653,0.09689777303300798,0.07403707504272461,0.09984829276800156,0.07403707504272461,0.07403707504272461,0.09984829276800156,0.0005451046745292842,0.0013630753383040428
13,0.43355000000000005,0.0970752458628267,0.11568107414804399,0.10604240704141557,0.0970752458628267,0.07420548051595688,0.09984489530324936,0.07420548051595688,0.07420548051595688,0.09984489530324936,0.0005529834306798875,0.0014349474804475904
14,0.4669000000000001,0.09735343564115465,0.11565055656991899,0.10604620683752,0.09735343564115465,0.07446480542421341,0.09981723129749298,0.07446480542421341,0.07446480542421341,0.09981723129749298,0.0005482366541400552,0.0014972997596487403
15,0.5002500000000001,0.09772006381116807,0.11563820350728929,0.10607064474187791,0.09772006381116807,0.07480667531490326,0.0998154804110527,0.07480667531490326,0.07480667531490326,0.0998154804110527,0.0005244191270321608,0.0015663489466533065
16,0.5336000000000001,0.09813427138887346,0.11562611866556108,0.1060965727623552,0.09813427138887346,0.0751924216747284,0.09981103241443634,0.0751924216747284,0.0751924216747284,0.09981103241443634,0.000513661012519151,0.001639777678065002
17,0.5669500000000001,0.09848550665937364,0.11563516367040574,0.10613705921731889,0.09848550665937364,0.07552061975002289,0.09981448948383331,0.07552061975002289,0.07552061975002289,0.09981448948383331,0.0005150670767761767,0.0017120077973231673
18,0.6003000000000001,0.0987626980599016,0.11565253842435777,0.10617620456777513,0.0987626980599016,0.07578080892562866,0.09982430189847946,0.07578080892562866,0.07578080892562866,0.09982430189847946,0.0005292532732710242,0.001784025109373033
19,0.63365,0.09895696449838579,0.11568679619394243,0.10621855366788804,0.09895696449838579,0.07596404105424881,0.09983645379543304,0.07596404105424881,0.07596404105424881,0.09983645379543304,0.0005537272663787007,0.001849949941970408
20,0.667,0.09903205144964158,0.11573130596242845,0.10626108158193528,0.09903205144964158,0.07603403925895691,0.09984613209962845,0.07603403925895691,0.07603403925895691,0.09984613209962845,0.0005718786269426346,0.0019093543523922563
21,0.7003500000000001,0.09904923248849809,0.11578405607305467,0.10630982328020036,0.09904923248849809,0.07605148106813431,0.09986452758312225,0.07605148106813431,0.07605148106813431,0.09986452758312225,0.0005768181872554123,0.0019686908926814795
22,0.7337000000000001,0.09903631318174302,0.11584109771810472,0.1063593845423311,0.09903631318174302,0.07603996992111206,0.0998847484588623,0.07603996992111206,0.07603996992111206,0.0998847484588623,0.0005774920573458076,0.0020338434260338545
23,0.7670500000000001,0.09909265447221696,0.1158801536615938,0.10638537216745317,0.09909265447221696,0.07609345763921738,0.09990757703781128,0.07609345763921738,0.07609345763921738,0.09990757703781128,0.0005959321279078722,0.0020900219678878784
24,0.8004000000000001,0.09908176172338426,0.11585847247205674,0.10638412046991289,0.09908176172338426,0.07608089596033096,0.09990911185741425,0.07608089596033096,0.07608089596033096,0.09990911185741425,0.0006087964866310358,0.002140672644600272
25,0.8337500000000001,0.09671948063932359,0.11370312381349504,0.10404036152921617,0.09671948063932359,0.0736055001616478,0.09804267436265945,0.0736055001616478,0.0736055001616478,0.09804267436265945,0.0006334952195174992,0.0021927948109805584
26,0.8671000000000001,0.09431660879217088,0.1115681897457689,0.10170709300599992,0.09431660879217088,0.07109323889017105,0.09622542560100555,0.07109323889017105,0.07109323889017105,0.09622542560100555,0.0006489747320301831,0.0022406759671866894
27,0.9004500000000001,0.09191637445054948,0.10946083772741258,0.0993853877838701,0.09191637445054948,0.06858701258897781,0.09445952624082565,0.06858701258897781,0.06858701258897781,0.09445952624082565,0.000654174480587244,0.0022933047730475664
28,0.9338000000000002,0.0895519326981157,0.10736956406198442,0.09706164110265672,0.0895519326981157,0.0661202147603035,0.09273884445428848,0.0661202147603035,0.0661202147603035,0.09273884445428848,0.0006615064921788871,0.002343874890357256
29,0.9671500000000002,0.08720456022582948,0.1053002100046724,0.09474562812410295,0.08720456022582948,0.06367891281843185,0.09107128530740738,0.06367891281843185,0.06367891281843185,0.09107128530740738,0.0006687356508336961,0.002391094109043479
30,1.0005000000000002,0.08488029945455491,0.10325527895055711,0.09244076121412217,0.08488029945455491,0.061272017657756805,0.0894622877240181,0.061272017657756805,0.061272017657756805,0.0894622877240181,0.0006766428123228252,0.00243829982355237
31,1.0338500000000002,0.08257227349840104,0.10123591828905046,0.09014705527387559,0.08257227349840104,0.05889669805765152,0.08791528642177582,0.05889669805765152,0.05889669805765152,0.08791528642177582,0.0006855507963337004,0.0024834400974214077
32,1.0672000000000001,0.08028400648199022,0.09924354363046586,0.08786716271005571,0.08028400648199022,0.05656067281961441,0.08643277734518051,0.05656067281961441,0.05656067281961441,0.08643277734518051,0.0006960390019230545,0.0025279447436332703
33,1.1005500000000001,0.07805594760738313,0.09728058386407792,0.08560061413608491,0.07805594760738313,0.05430803447961807,0.0850212350487709,0.05430803447961807,0.05430803447961807,0.0850212350487709,0.0007169842720031738,0.0025725688319653273
34,1.1339000000000001,0.07583297747932374,0.0953493039663881,0.08335270691476762,0.07583297747932374,0.052089110016822815,0.08369201421737671,0.052089110016822815,0.052089110016822815,0.08369201421737671,0.000744940189179033,0.0026163954753428698
35,1.1672500000000001,0.07364317733608186,0.09345342922769487,0.08112782943807542,0.07364317733608186,0.04993978887796402,0.0824425145983696,0.04993978887796402,0.04993978887796402,0.0824425145983696,0.0007769092335365713,0.0026616586837917566
36,1.2006000000000001,0.07147752452455461,0.09159617829881608,0.07892268109880388,0.07147752452455461,0.04779190197587013,0.08128372579813004,0.04779190197587013,0.04779190197587013,0.08128372579813004,0.0008167109917849302,0.0027078622952103615
37,1.23395,0.06929616588912904,0.08978071022592485,0.0767498235758394,0.06929616588912904,0.04546879976987839,0.0802185982465744,0.04546879976987839,0.04546879976987839,0.0802185982465744,0.0008468027808703482,0.0027547338977456093
38,1.2673,0.06707222718559205,0.08800323266349733,0.07460089731775224,0.06707222718559205,0.04323234409093857,0.07922990620136261,0.04323234409093857,0.04323234409093857,0.07922990620136261,0.0008705610525794327,0.002802993170917034
39,1.30065,0.06493324000202119,0.08626387972198427,0.07242753315530717,0.06493324000202119,0.041133053600788116,0.07834025472402573,0.041133053600788116,0.041133053600788116,0.07834025472402573,0.0009092495893128216,0.0028514580335468054
40,1.334,0.06277134973369539,0.08457896072231233,0.07019427377544343,0.06277134973369539,0.039079051464796066,0.07756248861551285,0.039079051464796066,0.039079051464796066,0.07756248861551285,0.0009373973007313907,0.002899482613429427
41,1.3673500000000003,0.0607125829514116,0.08293116051517427,0.06798917759023607,0.0607125829514116,0.03720884770154953,0.07686826586723328,0.03720884770154953,0.03720884770154953,0.07686826586723328,0.0009710561134852469,0.0029505968559533358
42,1.4007000000000003,0.058675311094149946,0.08133999217115342,0.06581199127994478,0.058675311094149946,0.035455815494060516,0.07629702985286713,0.035455815494060516,0.035455815494060516,0.07629702985286713,0.001010530162602663,0.0030006153974682093
43,1.4340500000000003,0.05666446644626558,0.0798023189958185,0.06367518711648881,0.05666446644626558,0.03384919837117195,0.07583065330982208,0.03384919837117195,0.03384919837117195,0.07583065330982208,0.001043037511408329,0.0030514916870743036
44,1.4674000000000003,0.05472309846244752,0.07831343967281282,0.0615782286580652,0.05472309846244752,0.032248493283987045,0.07545966655015945,0.032248493283987045,0.032248493283987045,0.07545966655015945,0.0010706104803830385,0.003100764937698841
45,1.5007500000000003,0.05285881418548524,0.07687945622764528,0.05951824743114412,0.05285881418548524,0.030575431883335114,0.07520071417093277,0.030575431883335114,0.030575431883335114,0.07520071417093277,0.0011002152459695935,0.0031500000040978193
46,1.5341000000000002,0.05104517150484025,0.07550422806106508,0.057502492850646375,0.05104517150484025,0.028967034071683884,0.07505380362272263,0.028967034071683884,0.028967034071683884,0.07505380362272263,0.0011282229097560048,0.0032000700011849403
47,1.5674500000000002,0.049150101428851484,0.0741880457457155,0.05553386319242418,0.049150101428851484,0.027372105047106743,0.07501611858606339,0.027372105047106743,0.027372105047106743,0.07501611858606339,0.001154677476733923,0.0032511914614588022
48,1.6008000000000002,0.04732394922338426,0.07293702620826661,0.05361758876405656,0.04732394922338426,0.02571641467511654,0.07509313523769379,0.02571641467511654,0.02571641467511654,0.07509313523769379,0.0011822400847449899,0.003302726661786437
49,1.6341500000000002,0.045499853378161786,0.07173763919435441,0.051748789435252546,0.045499853378161786,0.0240208487957716,0.07526511698961258,0.0240208487957716,0.0240208487957716,0.07526511698961258,0.0012050493387505412,0.0033540616277605295
50,1.6675000000000002,0.04404250491224229,0.07064199406467378,0.049988530164584516,0.04402033943496644,0.022925032302737236,0.07554850727319717,0.022925032302737236,0.022925032302737236,0.07554850727319717,0.0012316220672801137,0.003402798203751445
51,1.7008500000000002,0.04195534396730363,0.069686203783378,0.04838713962398469,0.041923440581187604,0.0223825853317976,0.07596506178379059,0.0223825853317976,0.0223825853317976,0.07596506178379059,0.0012301250826567411,0.003468225710093975
52,1.7342000000000002,0.039884909575805066,0.06874635029397905,0.04682043898664415,0.039872124379500745,0.022146577015519142,0.07643821835517883,0.022146577015519142,0.022146577015519142,0.07643821835517883,0.0012396592646837234,0.0035711030941456556
53,1.7675500000000002,0.037857986574992536,0.06786205578409135,0.04530036408267915,0.03785596001707017,0.022106464952230453,0.07704796642065048,0.022106464952230453,0.022106464952230453,0.07704796642065048,0.0012739700032398105,0.0037226916756480932
54,1.8009000000000002,0.0357964481767267,0.06699622381292283,0.04375361610017717,0.0357964481767267,0.02240796387195587,0.07780509442090988,0.02240796387195587,0.02240796387195587,0.07780509442090988,0.001341777155175805,0.0038959954399615526
55,1.8342500000000002,0.033967747872695325,0.06637693900428712,0.042500078266486524,0.033967747872695325,0.02301964908838272,0.07878643274307251,0.02301964908838272,0.02301964908838272,0.07878643274307251,0.001453631091862917,0.004164900165051222
56,1.8676000000000004,0.03224705863557756,0.06587406206689775,0.04127562749944627,0.03224705863557756,0.02266150340437889,0.08001262694597244,0.02266150340437889,0.02266150340437889,0.08001262694597244,0.0015180802438408136,0.0044445618987083435
57,1.9009500000000004,0.03065604675374925,0.06524854112230241,0.04009973961673677,0.03065604675374925,0.022487835958600044,0.08082389086484909,0.022487835958600044,0.022487835958600044,0.08082389086484909,0.0014422097010537982,0.004618155304342508
58,1.9343000000000004,0.02900860417447984,0.06468260992132127,0.03895056206546724,0.02900860417447984,0.022704219445586205,0.08171176165342331,0.022704219445586205,0.022704219445586205,0.08171176165342331,0.0014537230599671602,0.004836645442992449
59,1.9676500000000003,0.027378499096259473,0.06425257731042802,0.03783901739679277,0.027378499096259473,0.023099064826965332,0.08279936760663986,0.023099064826965332,0.023099064826965332,0.08279936760663986,0.0015270462026819587,0.0050554475747048855
60,2.0010000000000003,0.025792505180463193,0.06384711671434343,0.03676237124763429,0.025792505180463193,0.023532705381512642,0.08375132828950882,0.023532705381512642,0.023532705381512642,0.08375132828950882,0.001572799519635737,0.005124680697917938
61,2.0343500000000003,0.024334027951583265,0.06356885988079011,0.03590720850788057,0.024325932895764707,0.023978393524885178,0.08457638323307037,0.023978393524885178,0.023978393524885178,0.08457638323307037,0.0015590190887451172,0.005065143574029207
62,2.0677000000000003,0.022938284611329435,0.0633131410535425,0.035147957092151044,0.022937658762559293,0.02461112104356289,0.08338788151741028,0.02461112104356289,0.02461112104356289,0.08536011725664139,0.001550344517454505,0.00509643042460084
63,2.1010500000000003,0.02163257781229913,0.06318503577075898,0.034521542077884076,0.02163257781229913,0.025317413732409477,0.08145631849765778,0.025317413732409477,0.025317413732409477,0.08400452136993408,0.0015566367655992508,0.005127890966832638
64,2.1344000000000003,0.020457006579264997,0.0631295512970537,0.03400574583373964,0.020457006579264997,0.026046693325042725,0.07957164943218231,0.026046693325042725,0.026046693325042725,0.08255458623170853,0.001562351593747735,0.005167728755623102
65,2.1677500000000003,0.01942550349794328,0.062369465416297315,0.033609628265723585,0.01942550349794328,0.026688575744628906,0.07776343077421188,0.026688575744628906,0.026688575744628906,0.08118905872106552,0.001569188665598631,0.0052098375745117664
66,2.2011000000000003,0.018407035207375883,0.06034764606319368,0.033316246753558515,0.018407035207375883,0.02733798697590828,0.07601741701364517,0.02733798697590828,0.02733798697590828,0.07988778501749039,0.001574819558300078,0.005250905174762011
67,2.2344500000000003,0.01813529018126428,0.059151291435584424,0.03245111513696611,0.01813529018126428,0.027289018034934998,0.07388567179441452,0.027289018034934998,0.027289025485515594,0.07788089662790298,0.0015825520968064666,0.005291776731610298
68,2.2678000000000003,0.017876185065135358,0.05799275595508516,0.03159294236265123,0.017876185065135358,0.02721777930855751,0.07178018242120743,0.02721777930855751,0.02721778303384781,0.07589711248874664,0.001592020271345973,0.005333451088517904
69,2.3011500000000003,0.01762576732598245,0.05686977464519441,0.030734121387824415,0.01762576732598245,0.027121346443891525,0.06970102339982986,0.027121346443891525,0.027121346443891525,0.07393313944339752,0.00160010508261621,0.005375370383262634
70,2.3345000000000002,0.01738809380494058,0.05578453052602708,0.029881469493731855,0.01738809380494058,0.027002036571502686,0.06765226274728775,0.027002036571502686,0.027002036571502686,0.07199107110500336,0.0016100782668218017,0.005417227745056152
71,2.3678500000000002,0.017161406164988874,0.05473708320222795,0.029035619979724286,0.017161406164988874,0.02686023712158203,0.06563473492860794,0.02686023712158203,0.02686023712158203,0.0700705423951149,0.001620649709366262,0.005461030174046755
72,2.4012000000000002,0.016943208461627363,0.05373154539428651,0.028192199354991315,0.016943208461627363,0.02669147402048111,0.06365617364645004,0.02669147402048111,0.02669147402048111,0.06817585229873657,0.0016297608381137252,0.005504582542926073
73,2.43455,0.016732248997315763,0.05277070361934602,0.027348711675032972,0.016732248997315763,0.026493113487958908,0.061723507940769196,0.026493113487958908,0.026493113487958908,0.06631296873092651,0.0016365712508559227,0.005546247120946646
74,2.4679,0.01652882952056825,0.05185703892074525,0.026506036108359693,0.01652882952056825,0.026265572756528854,0.059840183705091476,0.026265572756528854,0.026265572756528854,0.06448502093553543,0.0016408729134127498,0.005586613435298204
75,2.50125,0.01633341941796243,0.05099082696996629,0.02566562551818788,0.01633341941796243,0.026009492576122284,0.058010660111904144,0.026009492576122284,0.026009492576122284,0.06269440799951553,0.001643675146624446,0.005625921767205
76,2.5346,0.016149185186251996,0.05017762590013444,0.024831372832879423,0.016149185186251996,0.025729462504386902,0.05624708905816078,0.025729462504386902,0.025729462504386902,0.06095065921545029,0.0016460054321214557,0.005665080156177282
77,2.56795,0.015976566409692167,0.049418992882594465,0.024011637603864072,0.01593906763754785,0.02543129026889801,0.05455546826124191,0.02543129026889801,0.02543129026889801,0.05925780534744263,0.0016523912781849504,0.005706433672457933
78,2.6013,0.01580972928367555,0.048716872518882154,0.023198112433776258,0.015609930789098142,0.0251011960208416,0.05294322222471237,0.0251011960208416,0.0251011960208416,0.0576191246509552,0.0016573404427617788,0.0057490370236337185
79,2.63465,0.01564851734600961,0.0480753998812288,0.022375218158587812,0.015260997748002408,0.024722883477807045,0.05142227187752724,0.024722883477807045,0.024722883477807045,0.05602473393082619,0.0016621975228190422,0.005789985414594412
80,2.668,0.014113448148593305,0.04669037420116365,0.020516581421718,0.013755935763940214,0.02327832765877247,0.05000464990735054,0.02327832765877247,0.02327832765877247,0.0544765442609787,0.0017783282091841102,0.005990257021039724
81,2.7013500000000006,0.014915860777720807,0.046515076940879224,0.020584620123729108,0.014480549430474637,0.023831114172935486,0.048758212476968765,0.023831114172935486,0.023831114172935486,0.053052209317684174,0.002061151433736086,0.00658826157450676
82,2.7347000000000006,0.015071898287162183,0.04611831117235124,0.02010089117847383,0.014329276567324994,0.02367549203336239,0.04759472608566284,0.02367549203336239,0.02367549203336239,0.05175592005252838,0.0022095527965575457,0.006623353809118271
83,2.7680500000000006,0.015248175298795102,0.045316144412383436,0.01954888511262834,0.014136824345216153,0.023405658081173897,0.0465737022459507,0.023405658081173897,0.023405658081173897,0.05048748478293419,0.002223823219537735,0.006550339516252279
84,2.8014000000000006,0.015233806854113935,0.044540226047858594,0.01901431340537965,0.013936560189351438,0.023402050137519836,0.04564956948161125,0.023402050137519836,0.023402050137519836,0.049100954085588455,0.0023259874433279037,0.006778005976229906
85,2.8347500000000005,0.015353645717725156,0.04385559964738786,0.018575291668996213,0.013805243706330655,0.02339666523039341,0.044866178184747696,0.02339666523039341,0.02339666523039341,0.04779335483908653,0.002399720950052142,0.00699083274230361
86,2.8681000000000005,0.01541404384933412,0.04304706264100969,0.018018204307183622,0.013570896869525312,0.023326650261878967,0.04425997659564018,0.023326650261878967,0.023326650261878967,0.04659687727689743,0.0024484102614223957,0.007158411201089621
87,2.9014500000000005,0.015480205005034803,0.04226857382617891,0.01748526800237596,0.013338550513610242,0.02327227033674717,0.04382139444351196,0.02327227033674717,0.02327227033674717,0.045487940311431885,0.0025146957486867905,0.007337691728025675
88,2.9348000000000005,0.01560749072395265,0.04149214137159288,0.01699298951588571,0.01315806764923036,0.023335490375757217,0.043556347489356995,0.023335490375757217,0.023335490375757217,0.04448103904724121,0.002606112975627184,0.007580085191875696
89,2.9681500000000005,0.01573377061448991,0.040624260490760206,0.016556713318452237,0.012990183716639875,0.023352373391389847,0.04347739368677139,0.023352373391389847,0.023352373391389847,0.0435832254588604,0.002706899307668209,0.007833805866539478
90,3.0015000000000005,0.01572541478835046,0.039641499107703565,0.01608538213931024,0.012783318346366285,0.023279326036572456,0.04279661178588867,0.023279326036572456,0.023279326036572456,0.04279661178588867,0.002801476279273629,0.008082385174930096
91,3.0348500000000005,0.015567395424470304,0.03870549011789262,0.015621624475345014,0.012567132299765943,0.02320367470383644,0.04211340472102165,0.02320367470383644,0.02320367470383644,0.04211340472102165,0.0029018872883170843,0.008333222940564156
92,3.0682000000000005,0.015413827782496808,0.03780421573482454,0.015181336140260099,0.012362010365352033,0.023120341822504997,0.041533518582582474,0.023120341822504997,0.023120341822504997,0.041533518582582474,0.0030019511468708515,0.008584369905292988
93,3.1015500000000005,0.015281352734193204,0.03696674812398851,0.01476879004202783,0.012162256574258207,0.02304394543170929,0.04107559099793434,0.02304394543170929,0.02304394543170929,0.04107559099793434,0.0031147373374551535,0.008838971145451069
94,3.1349000000000005,0.01519339490495622,0.036100975757464765,0.01434699032269418,0.011942453270778058,0.023004965856671333,0.039525359869003296,0.023004965856671333,0.023004965856671333,0.039525359869003296,0.003248065011575818,0.009099910967051983
95,3.1682500000000005,0.015102590953931211,0.035273149197921155,0.013957637881860135,0.011738963013514875,0.02295975387096405,0.03740677982568741,0.02295975387096405,0.02295975387096405,0.03740677982568741,0.003379100700840354,0.009356261231005192
96,3.2016000000000004,0.015003107076510785,0.03450141060911119,0.013608645236119626,0.011565278803929685,0.022892460227012634,0.035298630595207214,0.022892460227012634,0.022892460227012634,0.035298630595207214,0.00350648770108819,0.009628199972212315
97,3.2349500000000004,0.014920763259753583,0.033790386801585554,0.013277463203296064,0.011397774850949643,0.022829046472907066,0.03320908546447754,0.022829046472907066,0.022829046472907066,0.03320908546447754,0.003642250318080187,0.009910114109516144
98,3.2683000000000004,0.01484769914112985,0.03314139652810991,0.012967627083882688,0.011240198796615003,0.022769950330257416,0.031140126287937164,0.022769950330257416,0.022769950330257416,0.031140126287937164,0.003784234169870615,0.010199948213994503
99,3.3016500000000004,0.014783922171220182,0.03233252424560487,0.012680932467803357,0.01109541538916528,0.022711599245667458,0.02909364551305771,0.022711599245667458,0.022711599245667458,0.02909364551305771,0.003930277656763792,0.010496233589947224
100,3.3350000000000004,0.014728445148095487,0.03145655948482454,0.01241874281130731,0.010964899843558668,0.022653542459011078,0.02707507833838463,0.022653542459011078,0.022653542459011078,0.02707507833838463,0.00408047903329134,0.010799776762723923
101,3.3683500000000004,0.014698266571387647,0.030624404137954114,0.012182484900578855,0.010851971393451093,0.02260569855570793,0.025123706087470055,0.02260569855570793,0.02260569855570793,0.025123706087470055,0.004236978944391012,0.011111619882285595
102,3.4017000000000004,0.014726899152621625,0.029820218270644544,0.011960621511563657,0.01074717897735536,0.022586187347769737,0.02332511730492115,0.022586187347769737,0.022586187347769737,0.02332511730492115,0.004408806562423706,0.011426904238760471
103,3.4350500000000004,0.01478068116866052,0.02908851165138185,0.011769502943381666,0.010669614708051084,0.02257945016026497,0.022323427721858025,0.022323427721858025,0.02257945016026497,0.022323427721858025,0.004679490812122822,0.011911667883396149
104,3.4684000000000004,0.014829877352342008,0.02843000698648393,0.01157180551253259,0.010595757102593778,0.022601401433348656,0.021729085594415665,0.021729085594415665,0.022601401433348656,0.021729085594415665,0.005022759083658457,0.012573826126754284
105,3.5017500000000004,0.014874178504571317,0.02794964570365846,0.011549073791131376,0.01072506565414369,0.02264024317264557,0.021618496626615524,0.021618496626615524,0.02264024317264557,0.021618496626615524,0.005632019601762295,0.013819054700434208
106,3.5351000000000004,0.014859821235761045,0.027746237402781843,0.011767316197976468,0.011090121751651166,0.022758014500141144,0.0215458981692791,0.0215458981692791,0.022758014500141144,0.0215458981692791,0.006358088459819555,0.015218164771795273
107,3.5684500000000003,0.01486843038164079,0.027337953036651014,0.01185072544775903,0.011318113243207334,0.02285647578537464,0.021571828052401543,0.021571828052401543,0.02285647578537464,0.021571828052401543,0.007120620459318161,0.01655268482863903
108,3.6018000000000003,0.014879326855763791,0.02691696543060243,0.011907103991135953,0.011507682090625165,0.022990291938185692,0.021679600700736046,0.021679600700736046,0.022990291938185692,0.021679600700736046,0.007886925712227821,0.017888987436890602
109,3.6351500000000003,0.014893658047541974,0.026451222186908124,0.011947150861844419,0.011677197700366376,0.023175323382019997,0.021653560921549797,0.021653560921549797,0.023175323382019997,0.021653560921549797,0.008621768094599247,0.01930413581430912
110,3.6685000000000003,0.014899704193696378,0.025963622665032743,0.011972438132390378,0.011810145860537885,0.023379113525152206,0.021475348621606827,0.021475348621606827,0.023379113525152206,0.021475348621606827,0.009315901435911655,0.020712872967123985
111,3.7018500000000003,0.01488310802541673,0.025416187530383466,0.012029792701825498,0.01193854916654527,0.023474162444472313,0.021338753402233124,0.021338753402233124,0.023474162444472313,0.021338753402233124,0.009967808611690998,0.022029288113117218
112,3.7352000000000007,0.0149415541049093,0.024929046219214795,0.01217544782720506,0.01212814781628549,0.023602109402418137,0.021236442029476166,0.021236442029476166,0.023602109402418137,0.021236442029476166,0.010623368434607983,0.023291872814297676
113,3.7685500000000007,0.015136703437194227,0.024622834807261823,0.012436158543452619,0.012418962603434919,0.023847218602895737,0.0211231280118227,0.0211231280118227,0.023847218602895737,0.0211231280118227,0.011316893622279167,0.024630650877952576
114,3.8019000000000007,0.015421751474961637,0.02445518556796014,0.012745316660031675,0.012743033057078718,0.02420654334127903,0.02107016183435917,0.02107016183435917,0.02420654334127903,0.02107016183435917,0.012039550580084324,0.026038341224193573
115,3.8352500000000007,0.01568044308386743,0.0252569797988981,0.013540051465854047,0.013540051465854047,0.024684710428118706,0.021099600940942764,0.021099600940942764,0.024684710428118706,0.021099600940942764,0.012797902338206768,0.02757439576089382
116,3.8686000000000007,0.01612146902643144,0.025827858185395597,0.014459702705964445,0.014455601161345838,0.024856343865394592,0.021158095449209213,0.021158095449209213,0.024856343865394592,0.021158095449209213,0.013527512550354004,0.029078401625156403
117,3.9019500000000007,0.016487732117995618,0.026551976388320325,0.01532963249646127,0.015090535914525388,0.024949168786406517,0.02095663920044899,0.02095663920044899,0.024949168786406517,0.02095663920044899,0.014225483871996403,0.0304980780929327
118,3.9353000000000007,0.016998909002169965,0.026092886513099073,0.015614468192681669,0.015416454112157224,0.025480400770902634,0.020839521661400795,0.020839521661400795,0.025480400770902634,0.020839521661400795,0.014911339618265629,0.031851984560489655
119,3.9686500000000007,0.017393972313031553,0.025777913218364118,0.015856604611501096,0.01564483303390443,0.02594633214175701,0.02072390355169773,0.02072390355169773,0.02594633214175701,0.02072390355169773,0.015524107962846756,0.0331365205347538
120,4.002000000000001,0.01772497553192079,0.025820456033572553,0.01631433475576341,0.015815771704539655,0.026036418974399567,0.020642444491386414,0.020642444491386414,0.026036418974399567,0.020642444491386414,0.016076497733592987,0.03431912139058113
121,4.03535,0.018001321291550992,0.025689880883321164,0.016589778995141385,0.01595585379563272,0.02606903202831745,0.020625602453947067,0.020625602453947067,0.02606903202831745,0.020625602453947067,0.01658789999783039,0.0353507362306118
122,4.068700000000001,0.018361370598897336,0.026224299853667615,0.017302050774917005,0.016149892991408704,0.02602381259202957,0.0206872820854187,0.0206872820854187,0.02602381259202957,0.0206872820854187,0.017153793945908546,0.03656405583024025
123,4.10205,0.019003763383254407,0.02681833836995065,0.018186535274609922,0.01656211126409471,0.026361215859651566,0.0205477774143219,0.0205477774143219,0.026361215859651566,0.0205477774143219,0.01786031387746334,0.03795573487877846
124,4.135400000000001,0.019738204365596174,0.027242034262046216,0.018970317726954816,0.01706451136432588,0.02693120390176773,0.020338596776127815,0.020338596776127815,0.02693120390176773,0.020338596776127815,0.018644293770194054,0.03933028504252434
125,4.16875,0.020486130898818372,0.027725591843947767,0.019777830278500913,0.017582453375682233,0.027426300570368767,0.020199066027998924,0.020199066027998924,0.027426300570368767,0.020199066027998924,0.019433267414569855,0.040631379932165146
126,4.202100000000001,0.0211315374430269,0.028007395153865217,0.02043846953473985,0.018027491455897687,0.027977559715509415,0.02013486437499523,0.02013486437499523,0.027977559715509415,0.02013486437499523,0.02019154280424118,0.041880059987306595
127,4.23545,0.021627474164590238,0.02825765270553529,0.021077729349955915,0.018389008527621625,0.028531795367598534,0.02016618102788925,0.02016618102788925,0.028531795367598534,0.02016618102788925,0.020866474136710167,0.04311102256178856
128,4.268800000000001,0.022024213856086133,0.02850916195474565,0.02165738452039659,0.018683097844943403,0.02892344444990158,0.020280158147215843,0.020280158147215843,0.02892344444990158,0.020280158147215843,0.02142476476728916,0.04426587000489235
129,4.302150000000001,0.02237580675445497,0.028815976863726972,0.022218405788764356,0.018948427921161054,0.0291503444314003,0.02035640925168991,0.02035640925168991,0.0291503444314003,0.02035640925168991,0.021776331588625908,0.04539306089282036
130,4.335500000000001,0.022680535500869153,0.029007330125197767,0.022558539694175123,0.01918594125472009,0.02923199161887169,0.020194612443447113,0.020194612443447113,0.02923199161887169,0.020194612443447113,0.02209736593067646,0.04640461131930351
131,4.368850000000001,0.022774986511096357,0.029252983218058942,0.022683046346530317,0.019417017286643384,0.02914808690547943,0.02008967474102974,0.02008967474102974,0.02914808690547943,0.02008967474102974,0.022707005962729454,0.04731615260243416
132,4.402200000000001,0.022720779811963437,0.029519185012206434,0.022830046301707624,0.01965961936675012,0.02896345779299736,0.020026566460728645,0.020026566460728645,0.02896345779299736,0.020026566460728645,0.023370148614048958,0.04832340404391289
133,4.435550000000001,0.02269008341990411,0.029853887444362043,0.022996916955336927,0.019894226973876356,0.028691135346889496,0.01995747908949852,0.01995747908949852,0.028691135346889496,0.01995747908949852,0.0237937830388546,0.04920202121138573
134,4.4689000000000005,0.022711366003379224,0.03019038546644151,0.02320678118430078,0.0201624814029783,0.028399286791682243,0.019886313006281853,0.019886313006281853,0.028399286791682243,0.019886313006281853,0.024201637133955956,0.05005092918872833
135,4.502250000000001,0.022778525536879896,0.030491187756881116,0.02343784231506288,0.020446687525138257,0.028127970173954964,0.019720781594514847,0.019720781594514847,0.028127970173954964,0.019720781594514847,0.024660399183630943,0.0508587621152401
136,4.5356000000000005,0.02290317375026643,0.03082060027681291,0.023703306501731275,0.020746856516227125,0.027821162715554237,0.01957884430885315,0.01957884430885315,0.027821162715554237,0.01957884430885315,0.02508734166622162,0.0516008585691452
137,4.568950000000001,0.02304900768958032,0.031217239385470746,0.024007029419764875,0.021066315060481428,0.02748517133295536,0.019501572474837303,0.019501572474837303,0.02748517133295536,0.019501572474837303,0.0254848413169384,0.0523231066763401
138,4.6023000000000005,0.023204724824056028,0.03164042491279542,0.024314432924613355,0.02138531539402902,0.027158740907907486,0.019478091970086098,0.019478091970086098,0.027158740907907486,0.019478091970086098,0.02586258575320244,0.0529252290725708
139,4.635650000000001,0.023076578563079236,0.03161122608743608,0.024319082086905836,0.02146102446876466,0.027428152039647102,0.019480742514133453,0.019480742514133453,0.027428152039647102,0.019480742514133453,0.026009542867541313,0.052924346178770065
140,4.6690000000000005,0.023072201346978544,0.03164359886012971,0.024332798605784772,0.021502747720107435,0.027535995468497276,0.019505349919199944,0.019505349919199944,0.027535995468497276,0.019505349919199944,0.026077359914779663,0.05292682349681854
141,4.702350000000001,0.023071646278724073,0.03167259651981294,0.024338729267939924,0.021532617097720502,0.027632197365164757,0.019539466127753258,0.019539466127753258,0.027632197365164757,0.019539466127753258,0.02613067626953125,0.052931223064661026
142,4.7357000000000005,0.023051496183499692,0.03170538652502,0.02434493560157716,0.0215641069766134,0.02772912010550499,0.019582781940698624,0.019582781940698624,0.02772912010550499,0.019582781940698624,0.026177581399679184,0.05294198915362358
143,4.769050000000001,0.023031990563496946,0.03173946548067033,0.024352848118171094,0.021596867179498075,0.027824636548757553,0.019631925970315933,0.019631925970315933,0.027824636548757553,0.019631925970315933,0.026214225217700005,0.05295690521597862
144,4.8024000000000004,0.023017379974946378,0.0317739393170923,0.024361513143405317,0.021628904676064847,0.02791667729616165,0.019693728536367416,0.019693728536367416,0.02791667729616165,0.019693728536367416,0.026258576661348343,0.05298047140240669
145,4.835750000000001,0.02300243038497865,0.03180849510990083,0.024370140915736554,0.02166059944592416,0.028009342029690742,0.019761789590120316,0.019761789590120316,0.028009342029690742,0.019761789590120316,0.02630714513361454,0.053004730492830276
146,4.8691,0.022987711763009427,0.03184010792337358,0.024379070436581968,0.021692048346623777,0.02810247242450714,0.01983274705708027,0.01983274705708027,0.02810247242450714,0.01983274705708027,0.02635292336344719,0.053031112998723984
147,4.902450000000001,0.02297465089522302,0.031868844812735914,0.02438799995742738,0.02172246161662042,0.028195612132549286,0.0198882594704628,0.0198882594704628,0.028195612132549286,0.0198882594704628,0.02639947272837162,0.05306270346045494
148,4.9358,0.022961794918403028,0.03190055448375642,0.024396709686145185,0.021752360796555875,0.028290322050452232,0.019884565845131874,0.019884565845131874,0.028290322050452232,0.019884565845131874,0.02645096741616726,0.05310002341866493
149,4.969150000000001,0.022946007138118146,0.03192673582397401,0.024406104868277906,0.0217828187700361,0.028386209160089493,0.019883224740624428,0.019883224740624428,0.028386209160089493,0.019883224740624428,0.02650471404194832,0.0531386099755764
150,5.0025,0.022991686647757886,0.03213395137153566,0.024568847900256513,0.021974194383248685,0.02846967987716198,0.020005248486995697,0.020005248486995697,0.02846967987716198,0.020005248486995697,0.02655619941651821,0.053162265568971634
151,5.035850000000001,0.023900579249486326,0.03448308963142335,0.02678578678332269,0.023900579249486326,0.026998648419976234,0.020938998088240623,0.020938998088240623,0.026998648419976234,0.020938998088240623,0.026614733040332794,0.052659038454294205
152,5.0692,0.02523476961813867,0.03600056428276002,0.02893722761236131,0.02523476961813867,0.02502524107694626,0.02253015711903572,0.02253015711903572,0.02502524107694626,0.02253015711903572,0.02647980861365795,0.052262499928474426
153,5.102550000000001,0.026546045726165174,0.03735678601823747,0.031081348245963453,0.026546045726165174,0.023061512038111687,0.02517028898000717,0.023061512038111687,0.023061512038111687,0.02517028898000717,0.02626141905784607,0.05205629765987396
154,5.1359,0.028156734591349958,0.040187954491004346,0.03342983085475862,0.028156734591349958,0.02224438451230526,0.028904087841510773,0.02224438451230526,0.02224438451230526,0.028904087841510773,0.026407359167933464,0.05192341282963753
155,5.169250000000001,0.030118032878264783,0.04311238188110292,0.035838551407679914,0.030118032878264783,0.02214692533016205,0.03280692920088768,0.02214692533016205,0.02214692533016205,0.03280692920088768,0.026661712676286697,0.051838625222444534
156,5.2026,0.0318303625639528,0.046010009532794355,0.038272834902629255,0.0318303625639528,0.022295944392681122,0.03677985072135925,0.022295944392681122,0.022295944392681122,0.03677985072135925,0.02689969725906849,0.051671694964170456
157,5.235950000000001,0.033726706689223646,0.04899173933826387,0.040746256297454236,0.033726706689223646,0.02253427356481552,0.040848419070243835,0.02253427356481552,0.02253427356481552,0.040848419070243835,0.027119748294353485,0.05144919827580452
158,5.2693,0.035915717070922254,0.05203261185251176,0.043270356541499494,0.035915717070922254,0.022613776847720146,0.04481349140405655,0.022613776847720146,0.022613776847720146,0.04481349140405655,0.027285229414701462,0.05120809003710747
159,5.302650000000001,0.03857167769037187,0.055046461110934614,0.045823707764968274,0.03857167769037187,0.02257179655134678,0.048634063452482224,0.02257179655134678,0.02257179655134678,0.048634063452482224,0.027404705062508583,0.05097752436995506
160,5.336,0.040573134606704114,0.058036356752738355,0.048372551387175916,0.040573134606704114,0.02261318825185299,0.051352567970752716,0.02261318825185299,0.02261318825185299,0.051352567970752716,0.027375226840376854,0.050790462642908096
161,5.369350000000001,0.04234273690544069,0.06107018101774156,0.050946883445605634,0.04234273690544069,0.02316533587872982,0.053910717368125916,0.02316533587872982,0.02316533587872982,0.053910717368125916,0.027262253686785698,0.05062833055853844
162,5.402700000000001,0.043823159819468854,0.06432362604700029,0.053669943993911146,0.043823159819468854,0.024034889414906502,0.056595418602228165,0.024034889414906502,0.024034889414906502,0.056595418602228165,0.02717769145965576,0.050553884357213974
163,5.436050000000001,0.04617724526487291,0.06768132705055177,0.05634211707673967,0.04617724526487291,0.025637947022914886,0.059440940618515015,0.025637947022914886,0.025637947022914886,0.059440940618515015,0.02718220092356205,0.05054086819291115
164,5.469400000000001,0.04860031563602388,0.07102165330015123,0.05901322472654283,0.04860031563602388,0.027420373633503914,0.062392838299274445,0.027420373633503914,0.027420373633503914,0.062392838299274445,0.027190493419766426,0.05051010474562645
165,5.502750000000001,0.05085133720003068,0.07447490054927766,0.06173149455152452,0.05085133720003068,0.02881699427962303,0.06548574566841125,0.02881699427962303,0.02881699427962303,0.06548574566841125,0.027189869433641434,0.0504891462624073
166,5.536100000000001,0.05329180467687547,0.07796914089284837,0.06446275073848665,0.05329180467687547,0.0305885449051857,0.06844637542963028,0.0305885449051857,0.0305885449051857,0.06844637542963028,0.027195077389478683,0.050467684864997864
167,5.569450000000001,0.05578070837818086,0.08150476921163499,0.06721425015293062,0.05578070837818086,0.032643646001815796,0.07152127474546432,0.032643646001815796,0.032643646001815796,0.07152127474546432,0.027198590338230133,0.05044436454772949
168,5.602800000000001,0.05834719497524202,0.08508349913917482,0.06998298276029527,0.05834719497524202,0.034932468086481094,0.07469926029443741,0.034932468086481094,0.034932468086481094,0.07469926029443741,0.027199994772672653,0.05042058229446411
169,5.636150000000001,0.06095796037279069,0.08870201516710222,0.07277130294404924,0.06095796037279069,0.03740560635924339,0.0779714435338974,0.03740560635924339,0.03740560635924339,0.0779714435338974,0.027201049029827118,0.05039513483643532
170,5.669500000000001,0.06348687369190156,0.09235238242708146,0.07557645398937166,0.06348687369190156,0.03986651822924614,0.08132585883140564,0.03986651822924614,0.03986651822924614,0.08132585883140564,0.02720237523317337,0.05037151277065277
171,5.702850000000001,0.06605821806751191,0.09569752920232713,0.07839795905910432,0.06605821806751191,0.04240294173359871,0.08475521951913834,0.04240294173359871,0.04240294173359871,0.08475521951913834,0.027203986421227455,0.050349656492471695
172,5.736200000000001,0.06867223191820085,0.09866674948297441,0.08123582560382783,0.06867223191820085,0.04509562999010086,0.08825074881315231,0.04509562999010086,0.04509562999010086,0.08825074881315231,0.027206474915146828,0.050327520817518234
173,5.769550000000001,0.07132493663392961,0.10167568135820329,0.0840895469840616,0.07132493663392961,0.047918666154146194,0.09180617332458496,0.047918666154146194,0.047918666154146194,0.09180617332458496,0.02720898576080799,0.050306469202041626
174,5.802900000000001,0.074012934749946,0.10471985447965562,0.08695699978433549,0.074012934749946,0.050759777426719666,0.09541327506303787,0.050759777426719666,0.050759777426719666,0.09541327506303787,0.027211256325244904,0.050285667181015015
175,5.836250000000001,0.0767360251005739,0.1077975850161165,0.08983886945806444,0.0767360251005739,0.05314306542277336,0.0990658774971962,0.05314306542277336,0.05314306542277336,0.0990658774971962,0.027213672176003456,0.05026514455676079
176,5.869600000000001,0.07949215877614915,0.11090595233999193,0.09273417997919023,0.07949215877614915,0.0556405670940876,0.10268575698137283,0.0556405670940876,0.0556405670940876,0.10268575698137283,0.027216657996177673,0.050244878977537155
177,5.902950000000001,0.08228128362260759,0.11404261696897447,0.09564351249299943,0.08228128362260759,0.05824260413646698,0.10604970902204514,0.05824260413646698,0.05824260413646698,0.10604970902204514,0.027219435200095177,0.0502251498401165
178,5.936300000000001,0.08510246086679399,0.11720471788011491,0.09856630075536668,0.08510246086679399,0.060939982533454895,0.10945623368024826,0.060939982533454895,0.060939982533454895,0.10945623368024826,0.027222318574786186,0.050205573439598083
179,5.969650000000001,0.08795517641864717,0.12038930464349687,0.10150244045816362,0.08795517641864717,0.0637253001332283,0.11289963871240616,0.0637253001332283,0.0637253001332283,0.11289963871240616,0.027225129306316376,0.050186265259981155
180,6.003000000000001,0.0908394824322313,0.12359421659074724,0.10445245314203203,0.0908394824322313,0.0665927603840828,0.11637590825557709,0.0665927603840828,0.0665927603840828,0.11637590825557709,0.02722831256687641,0.0501682311296463
181,6.0363500000000005,0.09375595260225236,0.12681662250123918,0.10741617489419877,0.09375595260225236,0.06953812390565872,0.119269959628582,0.06953812390565872,0.06953812390565872,0.119269959628582,0.027231549844145775,0.05015060678124428
182,6.069700000000001,0.09670450497232377,0.12943147826753557,0.11039306927286088,0.09670450497232377,0.07255733013153076,0.1210787296295166,0.07255733013153076,0.07255733013153076,0.1210787296295166,0.027234703302383423,0.05013288930058479
183,6.1030500000000005,0.09968613792024553,0.13176078308187425,0.11338403034768998,0.09968613792024553,0.07564797252416611,0.12295663356781006,0.07564797252416611,0.07564797252416611,0.12295663356781006,0.027237705886363983,0.05011530593037605
184,6.136400000000001,0.10270141769014299,0.13412911403737962,0.11609006631933153,0.10270141769014299,0.07880793511867523,0.12489849328994751,0.07880793511867523,0.07880793511867523,0.12489849328994751,0.02724088355898857,0.05009789392352104
185,6.1697500000000005,0.10575155127607286,0.13653515983186662,0.11874803114496171,0.10575155127607286,0.08201440423727036,0.12689949572086334,0.08201440423727036,0.08201440423727036,0.12689949572086334,0.02724388614296913,0.050080556422472
186,6.203100000000001,0.10855425108037889,0.1387535404022783,0.12118143547140062,0.10855425108037889,0.08491694927215576,0.1287660449743271,0.08491694927215576,0.08491694927215576,0.1287660449743271,0.027246858924627304,0.050063226372003555
