frame,time_s,target_x,target_y,target_z,actual_x,actual_y,actual_z,error_m
0,0.0,-0.014054086059331894,-0.20564696192741394,0.31863826513290405,-0.014054086059331894,-0.20564696192741394,0.31863826513290405,0.0
1,0.033350000000000005,-0.014054086059331894,-0.20564696192741394,0.31863826513290405,-0.014054086059331894,-0.20564696192741394,0.31863826513290405,0.0
2,0.06670000000000001,-0.014054086059331894,-0.20564696192741394,0.31863826513290405,-0.014054086059331894,-0.20564696192741394,0.31863826513290405,0.0
3,0.10005000000000001,-0.014054086059331894,-0.20564696192741394,0.31863826513290405,-0.014054086059331894,-0.20564696192741394,0.31863826513290405,0.0
4,0.13340000000000002,-0.014054086059331894,-0.20564696192741394,0.31863826513290405,-0.014054086059331894,-0.20564696192741394,0.31863826513290405,0.0
5,0.16675,-0.014054086059331894,-0.20564696192741394,0.31863826513290405,-0.014054086059331894,-0.20564696192741394,0.31863826513290405,0.0
6,0.20010000000000003,-0.014054086059331894,-0.20564696192741394,0.31863826513290405,-0.014054086059331894,-0.20564696192741394,0.31863826513290405,0.0
7,0.23345000000000005,-0.014054086059331894,-0.20564696192741394,0.31863826513290405,-0.014054086059331894,-0.20564696192741394,0.31863826513290405,0.0
8,0.26680000000000004,-0.014054086059331894,-0.20564696192741394,0.31863826513290405,-0.014054086059331894,-0.20564696192741394,0.31863826513290405,0.0
9,0.30015000000000003,-0.014054086059331894,-0.20564696192741394,0.31863826513290405,-0.014054086059331894,-0.20564696192741394,0.31863826513290405,0.0
10,0.3335,-0.014054086059331894,-0.20564696192741394,0.31863826513290405,-0.014054086059331894,-0.20564696192741394,0.31863826513290405,0.0
11,0.36685000000000006,-0.014054086059331894,-0.20564696192741394,0.31863826513290405,-0.014054086059331894,-0.20564696192741394,0.31863826513290405,0.0
12,0.40020000000000006,-0.014054086059331894,-0.20564696192741394,0.31863826513290405,-0.014054086059331894,-0.20564696192741394,0.31863826513290405,0.0
13,0.43355000000000005,-0.014054086059331894,-0.20564696192741394,0.31863826513290405,-0.014054086059331894,-0.20564696192741394,0.31863826513290405,0.0
14,0.4669000000000001,-0.014054086059331894,-0.20564696192741394,0.31863826513290405,-0.014054086059331894,-0.20564696192741394,0.31863826513290405,0.0
15,0.5002500000000001,-0.014054086059331894,-0.20564696192741394,0.31863826513290405,-0.014054086059331894,-0.20564696192741394,0.31863826513290405,0.0
16,0.5336000000000001,-0.014054086059331894,-0.20564696192741394,0.31863826513290405,-0.014054086059331894,-0.20564696192741394,0.31863826513290405,0.0
17,0.5669500000000001,-0.014054086059331894,-0.20564696192741394,0.31863826513290405,-0.014054086059331894,-0.20564696192741394,0.31863826513290405,0.0
18,0.6003000000000001,-0.014054086059331894,-0.20564696192741394,0.31863826513290405,-0.014054086059331894,-0.20564696192741394,0.31863826513290405,0.0
19,0.63365,-0.014054086059331894,-0.20564696192741394,0.31863826513290405,-0.014054086059331894,-0.20564696192741394,0.31863826513290405,0.0
20,0.667,-0.014054086059331894,-0.20564696192741394,0.31863826513290405,-0.014054086059331894,-0.20564696192741394,0.31863826513290405,0.0
21,0.7003500000000001,-0.014054086059331894,-0.20564696192741394,0.31863826513290405,-0.014054086059331894,-0.20564696192741394,0.31863826513290405,0.0
22,0.7337000000000001,-0.014054086059331894,-0.20564696192741394,0.31863826513290405,-0.014054086059331894,-0.20564696192741394,0.31863826513290405,0.0
23,0.7670500000000001,-0.014054086059331894,-0.20564696192741394,0.31863826513290405,-0.014054086059331894,-0.20564696192741394,0.31863826513290405,0.0
24,0.8004000000000001,-0.014053834602236748,-0.20563343167304993,0.31861168146133423,-0.014053955674171448,-0.2056352198123932,0.3186150789260864,3.8412063076975755e-06
25,0.8337500000000001,-0.01404884085059166,-0.20449772477149963,0.31639254093170166,-0.01404873002320528,-0.20449930429458618,0.31639575958251953,3.587044602681999e-06
26,0.8671000000000001,-0.014072125777602196,-0.20335449278354645,0.31416669487953186,-0.014072061516344547,-0.20335626602172852,0.31417009234428406,3.832918991975021e-06
27,0.9004500000000001,-0.014123542234301567,-0.20220410823822021,0.3119353950023651,-0.014123400673270226,-0.2022058665752411,0.3119387626647949,3.801702177952393e-06
28,0.9338000000000002,-0.014202365651726723,-0.2010461986064911,0.3096989691257477,-0.014202248305082321,-0.20104801654815674,0.3097022771835327,3.776496896534809e-06
29,0.9671500000000002,-0.014308412559330463,-0.19988101720809937,0.30745798349380493,-0.01430826261639595,-0.19988271594047546,0.30746132135391235,3.7482641346286982e-06
30,1.0005000000000002,-0.014441368170082569,-0.19870822131633759,0.30521291494369507,-0.014440915547311306,-0.19870994985103607,0.30521631240844727,3.838680186163401e-06
31,1.0338500000000002,-0.014600276947021484,-0.19752782583236694,0.302964448928833,-0.014600198715925217,-0.19752953946590424,0.3029678165912628,3.779392727665254e-06
32,1.0672000000000001,-0.014785345643758774,-0.19633975625038147,0.3007129430770874,-0.014785032719373703,-0.19634155929088593,0.3007164001464844,3.911547537427396e-06
33,1.1005500000000001,-0.014995509758591652,-0.19514408707618713,0.29845932126045227,-0.014995316043496132,-0.19514590501785278,0.2984626889228821,3.831917183561018e-06
34,1.1339000000000001,-0.015230881050229073,-0.19394072890281677,0.2962036728858948,-0.015230468474328518,-0.19394245743751526,0.296207070350647,3.834164544969099e-06
35,1.1672500000000001,-0.015490560792386532,-0.19272935390472412,0.2939467430114746,-0.015490137040615082,-0.19273126125335693,0.2939501404762268,3.919223217963008e-06
36,1.2006000000000001,-0.01577434130012989,-0.19151034951210022,0.2916889190673828,-0.015773925930261612,-0.1915120780467987,0.291692316532135,3.834466042462736e-06
37,1.23395,-0.01608169637620449,-0.19028332829475403,0.2894308567047119,-0.01608121208846569,-0.1902851164340973,0.2894342541694641,3.869721240334911e-06
38,1.2673,-0.01641204208135605,-0.18904832005500793,0.2871728539466858,-0.016411475837230682,-0.18905021250247955,0.2871761620044708,3.852951522276271e-06
39,1.30065,-0.01676499843597412,-0.18780523538589478,0.28491532802581787,-0.016764268279075623,-0.18780702352523804,0.28491872549057007,3.908111921191448e-06
40,1.334,-0.017139729112386703,-0.18655413389205933,0.28265926241874695,-0.017139224335551262,-0.18655604124069214,0.28266260027885437,3.877381459460594e-06
41,1.3673500000000003,-0.017536358907818794,-0.18529489636421204,0.28040432929992676,-0.017535945400595665,-0.18529686331748962,0.28040772676467896,3.947488039557356e-06
42,1.4007000000000003,-0.017954004928469658,-0.18402737379074097,0.2781515419483185,-0.017953308299183846,-0.184029221534729,0.27815482020378113,3.827062755590305e-06
43,1.4340500000000003,-0.018392186611890793,-0.18275153636932373,0.2759009897708893,-0.018391605466604233,-0.18275348842144012,0.2759043872356415,3.961187303502811e-06
44,1.4674000000000003,-0.018850743770599365,-0.18146756291389465,0.2736533284187317,-0.01884986087679863,-0.18146935105323792,0.2736566960811615,3.913833552360302e-06
45,1.5007500000000003,-0.019328394904732704,-0.18017485737800598,0.2714088261127472,-0.01932787336409092,-0.18017680943012238,0.2714121341705322,3.8763073462178e-06
46,1.5341000000000002,-0.019825447350740433,-0.17887389659881592,0.269167959690094,-0.019824834540486336,-0.17887571454048157,0.26917126774787903,3.824094164883718e-06
47,1.5674500000000002,-0.020340977236628532,-0.17756418883800507,0.26693111658096313,-0.02034039795398712,-0.17756620049476624,0.266934335231781,3.839536930172471e-06
48,1.6008000000000002,-0.020874910056591034,-0.17624610662460327,0.26469841599464417,-0.020874030888080597,-0.17624801397323608,0.2647019028663635,4.0705272112973034e-06
49,1.6341500000000002,-0.021425865590572357,-0.17491890490055084,0.2624705135822296,-0.021425185725092888,-0.17492103576660156,0.26247382164001465,3.993251084466465e-06
50,1.6675000000000002,-0.021994294598698616,-0.17358329892158508,0.2602476477622986,-0.021993473172187805,-0.17358526587486267,0.2602510452270508,4.010787051811349e-06
51,1.7008500000000002,-0.022579137235879898,-0.17223866283893585,0.2580302357673645,-0.02257821336388588,-0.17224067449569702,0.2580336034297943,4.030068339488935e-06
52,1.7342000000000002,-0.023179978132247925,-0.170884907245636,0.2558184862136841,-0.023179132491350174,-0.17088711261749268,0.2558218240737915,4.089019967068452e-06
53,1.7675500000000002,-0.02379646897315979,-0.16952233016490936,0.2536126375198364,-0.023795628920197487,-0.16952455043792725,0.2536161541938782,4.242911472829292e-06
54,1.8009000000000002,-0.024427955970168114,-0.1681506633758545,0.25141334533691406,-0.024426687508821487,-0.16815266013145447,0.2514166831970215,4.091129085281864e-06
55,1.8342500000000002,-0.025073867291212082,-0.16676963865756989,0.24922069907188416,-0.025072816759347916,-0.16677172482013702,0.24922402203083038,4.061741947225528e-06
56,1.8676000000000004,-0.02573385275900364,-0.1653793454170227,0.24703484773635864,-0.02573298290371895,-0.16538161039352417,0.2470381259918213,4.078446636412991e-06
57,1.9009500000000004,-0.026407595723867416,-0.16397961974143982,0.24485617876052856,-0.026406515389680862,-0.16398173570632935,0.24485932290554047,3.940821898140712e-06
58,1.9343000000000004,-0.02709418721497059,-0.16257041692733765,0.24268487095832825,-0.02709299325942993,-0.1625724583864212,0.2426881194114685,4.018150320916902e-06
59,1.9676500000000003,-0.027793290093541145,-0.16115149855613708,0.2405213564634323,-0.02779216691851616,-0.1611536145210266,0.24052464962005615,4.072310275660129e-06
60,2.0010000000000003,-0.028504446148872375,-0.15972286462783813,0.2383657544851303,-0.028503403067588806,-0.15972505509853363,0.23836904764175415,4.090361926500918e-06
61,2.0343500000000003,-0.02922745794057846,-0.15828445553779602,0.23621845245361328,-0.029226401820778847,-0.15828673541545868,0.23622165620326996,4.0715162867854815e-06
62,2.0677000000000003,-0.029961375519633293,-0.1568361222743988,0.23407939076423645,-0.029960060492157936,-0.1568382829427719,0.2340826839208603,4.152429028181359e-06
63,2.1010500000000003,-0.03070588782429695,-0.1553775668144226,0.2319490760564804,-0.030704893171787262,-0.15537986159324646,0.2319522649049759,4.052665644849185e-06
64,2.1344000000000003,-0.03146062791347504,-0.15390899777412415,0.22982753813266754,-0.03145948797464371,-0.15391120314598083,0.22983074188232422,4.053040356666315e-06
65,2.1677500000000003,-0.032225243747234344,-0.15243005752563477,0.22771501541137695,-0.03222411870956421,-0.15243223309516907,0.2277180701494217,3.9153846955741756e-06
66,2.2011000000000003,-0.032936807721853256,-0.15099874138832092,0.22567753493785858,-0.03293852508068085,-0.15099845826625824,0.22567789256572723,1.7769009446055861e-06
67,2.2344500000000003,-0.03182673454284668,-0.15126840770244598,0.2255803644657135,-0.03182867914438248,-0.15126807987689972,0.2255803793668747,1.972097152247443e-06
68,2.2678000000000003,-0.030710214748978615,-0.1515456587076187,0.22549057006835938,-0.030711844563484192,-0.1515451967716217,0.22549065947532654,1.6963707594186417e-06
69,2.3011500000000003,-0.02958637848496437,-0.15183019638061523,0.22540807723999023,-0.029588013887405396,-0.15182971954345703,0.22540819644927979,1.7076666836146615e-06
70,2.3345000000000002,-0.02845585159957409,-0.15212231874465942,0.22533300518989563,-0.028457704931497574,-0.15212193131446838,0.2253330945968628,1.8955038285639603e-06
71,2.3678500000000002,-0.027318431064486504,-0.15242213010787964,0.22526533901691437,-0.02732021175324917,-0.15242168307304382,0.2252652496099472,1.8381202835371369e-06
72,2.4012000000000002,-0.026174230501055717,-0.15272963047027588,0.22520484030246735,-0.02617616020143032,-0.1527293622493744,0.22520503401756287,1.9578590126911877e-06
73,2.43455,-0.0250230822712183,-0.15304508805274963,0.22515197098255157,-0.025024836882948875,-0.15304461121559143,0.22515206038951874,1.8204476646133116e-06
74,2.4679,-0.023865172639489174,-0.15336865186691284,0.2251063883304596,-0.02386709861457348,-0.15336818993091583,0.22510652244091034,1.985132257686928e-06
75,2.50125,-0.02270069159567356,-0.15370041131973267,0.22506844997406006,-0.02270229160785675,-0.1536998450756073,0.22506843507289886,1.6973194760794286e-06
76,2.5346,-0.021529080346226692,-0.1540403962135315,0.22503794729709625,-0.02153117023408413,-0.1540398895740509,0.22503772377967834,2.16200714930892e-06
77,2.56795,-0.020351286977529526,-0.1543889194726944,0.22501452267169952,-0.02035302296280861,-0.1543883979320526,0.22501465678215027,1.817590487007692e-06
78,2.6013,-0.019166408106684685,-0.154745951294899,0.2249988615512848,-0.01916801743209362,-0.1547452211380005,0.22499887645244598,1.7672801959633944e-06
79,2.63465,-0.01797480881214142,-0.1551114022731781,0.2249906212091446,-0.017976658418774605,-0.15511098504066467,0.224990576505661,1.8966090920002898e-06
80,2.668,-0.01677684485912323,-0.1554860770702362,0.22498995065689087,-0.01677858456969261,-0.15548545122146606,0.2249898910522461,1.849819568633393e-06
81,2.7013500000000006,-0.015572241507470608,-0.15586958825588226,0.22499673068523407,-0.015573997050523758,-0.15586891770362854,0.22499659657478333,1.8840269149222877e-06
82,2.7347000000000006,-0.014361019246280193,-0.15626206994056702,0.22501087188720703,-0.014362777583301067,-0.15626150369644165,0.22501084208488464,1.8475036540621659e-06
83,2.7680500000000006,-0.013143246993422508,-0.15666374564170837,0.2250324934720993,-0.013145007193088531,-0.15666289627552032,0.2250324785709381,1.9544686438166536e-06
84,2.8014000000000006,-0.01191900484263897,-0.15707474946975708,0.22506192326545715,-0.011920895427465439,-0.15707409381866455,0.22506177425384521,2.006587692449102e-06
85,2.8347500000000005,-0.010688485577702522,-0.15749529004096985,0.2250986397266388,-0.010690299794077873,-0.15749460458755493,0.2250986099243164,1.939617277457728e-06
86,2.8681000000000005,-0.009451368823647499,-0.1579253375530243,0.22514306008815765,-0.009453073143959045,-0.15792441368103027,0.22514277696609497,1.959184828592697e-06
87,2.9014500000000005,-0.008208034560084343,-0.1583648920059204,0.22519458830356598,-0.008209843188524246,-0.15836429595947266,0.22519469261169434,1.9071676433668472e-06
88,2.9348000000000005,-0.006958331447094679,-0.15881457924842834,0.22525404393672943,-0.006960025988519192,-0.15881375968456268,0.22525399923324585,1.8828578731699963e-06
89,2.9681500000000005,-0.0057023148983716965,-0.1592741310596466,0.22532102465629578,-0.0057042972184717655,-0.1592734158039093,0.22532087564468384,2.1126732008269755e-06
90,3.0015000000000005,-0.004440172575414181,-0.15974371135234833,0.22539538145065308,-0.004442012868821621,-0.15974289178848267,0.22539521753787994,2.0211957689753035e-06
91,3.0348500000000005,-0.0031718830578029156,-0.16022339463233948,0.22547732293605804,-0.003173684934154153,-0.1602226048707962,0.22547712922096252,1.9768679067055928e-06
92,3.0682000000000005,-0.001897370908409357,-0.16071346402168274,0.22556672990322113,-0.0018993308767676353,-0.16071279346942902,0.2255665361881256,2.080538706650259e-06
93,3.1015500000000005,-0.0006168440449982882,-0.16121408343315125,0.22566382586956024,-0.0006188147235661745,-0.1612134575843811,0.22566363215446472,2.0767249679920496e-06
94,3.1349000000000005,0.0006698640063405037,-0.1617252230644226,0.22576837241649628,0.0006679650396108627,-0.16172446310520172,0.2257682979106903,2.0467446120164823e-06
95,3.1682500000000005,0.001962189096957445,-0.16224700212478638,0.22588032484054565,0.0019605467095971107,-0.16224607825279236,0.22588016092777252,1.8915187638413045e-06
96,3.2016000000000004,0.0032604867592453957,-0.16277988255023956,0.22600017488002777,0.003258660901337862,-0.16277897357940674,0.2259998768568039,2.0612624211935326e-06
97,3.2349500000000004,0.0045648193918168545,-0.16332334280014038,0.2261272519826889,0.004562922287732363,-0.1633225679397583,0.226127028465271,2.061400664388202e-06
98,3.2683000000000004,0.00587473576888442,-0.16387805342674255,0.2262619286775589,0.0058729322627186775,-0.16387730836868286,0.22626179456710815,1.955947709575412e-06
99,3.3016500000000004,0.0071905264630913734,-0.16444408893585205,0.22640427947044373,0.007188566494733095,-0.16444319486618042,0.2264040857553482,2.162952114304062e-06
100,3.3350000000000004,0.008511875756084919,-0.1650213599205017,0.22655412554740906,0.00850983802229166,-0.1650204360485077,0.22655390202999115,2.2485237423097715e-06
101,3.3683500000000004,0.00983862392604351,-0.16561010479927063,0.22671136260032654,0.009836744517087936,-0.16560910642147064,0.22671103477478027,2.153231434931513e-06
102,3.4017000000000004,0.011170932091772556,-0.16621044278144836,0.22687622904777527,0.011169405654072762,-0.16620925068855286,0.2268759161233902,1.961891712198849e-06
103,3.4350500000000004,0.012508969753980637,-0.1668223738670349,0.2270485907793045,0.012506991624832153,-0.16682136058807373,0.22704832255840302,2.2386764158000005e-06
104,3.4684000000000004,0.013852246105670929,-0.16744622588157654,0.22722837328910828,0.013850443065166473,-0.1674450933933258,0.2272280901670456,2.1479390852618963e-06
105,3.5017500000000004,0.015200775116682053,-0.16808190941810608,0.22741585969924927,0.015198890119791031,-0.1680808961391449,0.2274155616760254,2.160732492484385e-06
106,3.5351000000000004,0.016554657369852066,-0.1687297224998474,0.2276107519865036,0.016552750021219254,-0.16872864961624146,0.22761045396327972,2.2085914679337293e-06
107,3.5684500000000003,0.01791367307305336,-0.16938981413841248,0.22781310975551605,0.017911382019519806,-0.16938886046409607,0.2278129756450653,2.485237700966536e-06
108,3.6018000000000003,0.01927761733531952,-0.1700620949268341,0.2280230075120926,0.01927546039223671,-0.1700611114501953,0.2280227094888687,2.389235760347219e-06
109,3.6351500000000003,0.02064644545316696,-0.17074696719646454,0.2282404899597168,0.0206445325165987,-0.17074590921401978,0.22824013233184814,2.2150736640469404e-06
110,3.6685000000000003,0.022020414471626282,-0.17144420742988586,0.2284652590751648,0.022018227726221085,-0.17144319415092468,0.2284647822380066,2.4568198568886146e-06
111,3.7018500000000003,0.023399190977215767,-0.17215418815612793,0.2286975234746933,0.023397080600261688,-0.17215311527252197,0.22869731485843658,2.3766133381286636e-06
112,3.7352000000000007,0.024782732129096985,-0.1728769838809967,0.2289373278617859,0.024780569598078728,-0.17287591099739075,0.22893697023391724,2.4403927909588674e-06
113,3.7685500000000007,0.02617073431611061,-0.17361268401145935,0.2291845977306366,0.02616860531270504,-0.1736116111278534,0.2291841357946396,2.4283986022055615e-06
114,3.8019000000000007,0.027563342824578285,-0.17436137795448303,0.22943925857543945,0.027561277151107788,-0.17436034977436066,0.2294389009475708,2.334964392503025e-06
115,3.8352500000000007,0.02896074764430523,-0.17512334883213043,0.2297012358903885,0.028958573937416077,-0.1751221865415573,0.22970083355903625,2.497557034075726e-06
116,3.8686000000000007,0.030362334102392197,-0.17589831352233887,0.22997082769870758,0.03036016784608364,-0.1758972704410553,0.22997047007083893,2.430757604088285e-06
117,3.9019500000000007,0.03176822140812874,-0.17668694257736206,0.23024767637252808,0.0317661315202713,-0.17668578028678894,0.23024746775627136,2.4004314127523685e-06
118,3.9353000000000007,0.03317829966545105,-0.17748889327049255,0.23053200542926788,0.03317602723836899,-0.17748765647411346,0.23053143918514252,2.6484376576263458e-06
119,3.9686500000000007,0.03459250181913376,-0.17830438911914825,0.2308235764503479,0.03459038585424423,-0.1783033013343811,0.23082318902015686,2.4105363536364166e-06
120,4.002000000000001,0.036010660231113434,-0.1791338473558426,0.23112277686595917,0.036008670926094055,-0.17913249135017395,0.23112227022647858,2.4602377379778773e-06
121,4.03535,0.037432968616485596,-0.1799769401550293,0.23142918944358826,0.03743072226643562,-0.1799757182598114,0.23142868280410767,2.6068755687447265e-06
122,4.068700000000001,0.038859061896800995,-0.18083396553993225,0.23174291849136353,0.03885665535926819,-0.18083271384239197,0.23174235224723816,2.771065055640065e-06
123,4.10205,0.04028857871890068,-0.1817050576210022,0.23206393420696259,0.040286511182785034,-0.18170376121997833,0.2320634424686432,2.4894111447792966e-06
124,4.135400000000001,0.04172203317284584,-0.18259043991565704,0.23239222168922424,0.04172001779079437,-0.18258896470069885,0.23239178955554962,2.5347117116325535e-06
125,4.16875,0.04315893352031708,-0.1834898442029953,0.23272792994976044,0.0431569442152977,-0.18348845839500427,0.23272742331027985,2.4767884951870656e-06
126,4.202100000000001,0.04459918662905693,-0.18440386652946472,0.23307092487812042,0.044597044587135315,-0.18440237641334534,0.23307035863399506,2.670097728696419e-06
127,4.23545,0.04604264348745346,-0.1853322684764862,0.23342105746269226,0.04604055732488632,-0.18533095717430115,0.23342055082321167,2.5156055016850587e-06
128,4.268800000000001,0.04748940467834473,-0.18627536296844482,0.23377849161624908,0.04748721793293953,-0.18627393245697021,0.23377789556980133,2.6802033517014934e-06
129,4.302150000000001,0.048939432948827744,-0.18723294138908386,0.23414315283298492,0.04893728345632553,-0.18723145127296448,0.23414258658885956,2.6760785658552777e-06
130,4.335500000000001,0.05039224401116371,-0.18820548057556152,0.23451510071754456,0.05038992688059807,-0.18820399045944214,0.23451444506645203,2.8318577278696466e-06
131,4.368850000000001,0.05184778571128845,-0.1891929805278778,0.2348940372467041,0.05184555426239967,-0.18919143080711365,0.23489347100257874,2.775181201286614e-06
132,4.402200000000001,0.05330612510442734,-0.1901955008506775,0.23528032004833221,0.053304024040699005,-0.19019393622875214,0.23527969419956207,2.6933616936730687e-06
133,4.435550000000001,0.05476725473999977,-0.1912129521369934,0.2356736660003662,0.054765038192272186,-0.19121135771274567,0.23567305505275726,2.79795085589285e-06
134,4.4689000000000005,0.05623072385787964,-0.19224581122398376,0.2360742688179016,0.05622855946421623,-0.19224423170089722,0.23607361316680908,2.758509026534739e-06
135,4.502250000000001,0.0576966255903244,-0.19329392910003662,0.23648189008235931,0.05769443139433861,-0.1932922601699829,0.2364812195301056,2.8371578082442284e-06
136,4.5356000000000005,0.05916484445333481,-0.19435742497444153,0.23689661920070648,0.05916258692741394,-0.19435575604438782,0.23689594864845276,2.886414904423873e-06
137,4.568950000000001,0.060635000467300415,-0.1954365372657776,0.23731838166713715,0.06063282489776611,-0.1954348236322403,0.23731781542301178,2.826707486747182e-06
138,4.6023000000000005,0.062005892395973206,-0.19645491242408752,0.23771734535694122,0.062005892395973206,-0.19645491242408752,0.23771734535694122,0.0
139,4.635650000000001,0.062005892395973206,-0.19645491242408752,0.23771734535694122,0.062005892395973206,-0.19645491242408752,0.23771734535694122,0.0
140,4.6690000000000005,0.062005892395973206,-0.19645491242408752,0.23771734535694122,0.062005892395973206,-0.19645491242408752,0.23771734535694122,0.0
141,4.702350000000001,0.062005892395973206,-0.19645491242408752,0.23771734535694122,0.062005892395973206,-0.19645491242408752,0.23771734535694122,0.0
142,4.7357000000000005,0.062005892395973206,-0.19645491242408752,0.23771734535694122,0.062005892395973206,-0.19645491242408752,0.23771734535694122,0.0
143,4.769050000000001,0.062005892395973206,-0.19645491242408752,0.23771734535694122,0.062005892395973206,-0.19645491242408752,0.23771734535694122,0.0
144,4.8024000000000004,0.062005892395973206,-0.19645491242408752,0.23771734535694122,0.062005892395973206,-0.19645491242408752,0.23771734535694122,0.0
145,4.835750000000001,0.062005892395973206,-0.19645491242408752,0.23771734535694122,0.062005892395973206,-0.19645491242408752,0.23771734535694122,0.0
146,4.8691,0.062005892395973206,-0.19645491242408752,0.23771734535694122,0.062005892395973206,-0.19645491242408752,0.23771734535694122,0.0
147,4.902450000000001,0.062005892395973206,-0.19645491242408752,0.23771734535694122,0.062005892395973206,-0.19645491242408752,0.23771734535694122,0.0
148,4.9358,0.062005892395973206,-0.19645491242408752,0.23771734535694122,0.062005892395973206,-0.19645491242408752,0.23771734535694122,0.0
149,4.969150000000001,0.062005892395973206,-0.19645491242408752,0.23771734535694122,0.062005892395973206,-0.19645491242408752,0.23771734535694122,0.0
150,5.0025,0.061866313219070435,-0.19648826122283936,0.23788678646087646,0.061868950724601746,-0.19648760557174683,0.23788346350193024,4.292827725294046e-06
151,5.035850000000001,0.060005053877830505,-0.19693271815776825,0.24015218019485474,0.06000789254903793,-0.1969321370124817,0.2401486039161682,4.602776698447997e-06
152,5.0692,0.05814780667424202,-0.1973777413368225,0.24242587387561798,0.058150514960289,-0.1973770558834076,0.24242237210273743,4.479628842091188e-06
153,5.102550000000001,0.05629316717386246,-0.19782108068466187,0.24470749497413635,0.05629608780145645,-0.19782063364982605,0.24470415711402893,4.457714112504618e-06
154,5.1359,0.05443956330418587,-0.1982617974281311,0.24699658155441284,0.05444225296378136,-0.1982611119747162,0.24699321389198303,4.364087999420008e-06
155,5.169250000000001,0.052585359662771225,-0.1986977607011795,0.24929234385490417,0.05258828029036522,-0.19869694113731384,0.24928882718086243,4.6442164602922276e-06
156,5.2026,0.050729408860206604,-0.19912748038768768,0.2515941858291626,0.050732292234897614,-0.1991266906261444,0.25159066915512085,4.615687430487014e-06
157,5.235950000000001,0.0488700345158577,-0.19954946637153625,0.2539011240005493,0.04887297749519348,-0.19954878091812134,0.25389766693115234,4.5915467126178555e-06
158,5.2693,0.047005388885736465,-0.19996272027492523,0.2562127411365509,0.04700813069939613,-0.19996218383312225,0.2562093734741211,4.37566723121563e-06
159,5.302650000000001,0.04513397067785263,-0.2003658264875412,0.2585282623767853,0.04513685777783394,-0.20036527514457703,0.25852471590042114,4.606171842169715e-06
160,5.336,0.04325421154499054,-0.2007574737071991,0.2608463764190674,0.04325689375400543,-0.2007569670677185,0.2608429193496704,4.404799256008118e-06
161,5.369350000000001,0.041364237666130066,-0.201136976480484,0.26316672563552856,0.041366998106241226,-0.20113641023635864,0.2631632685661316,4.46004378318321e-06
162,5.402700000000001,0.0394621416926384,-0.20150332152843475,0.26548829674720764,0.03946489840745926,-0.20150282979011536,0.26548486948013306,4.4257703848415986e-06
163,5.436050000000001,0.037546563893556595,-0.2018553614616394,0.26781007647514343,0.03754932060837746,-0.20185486972332,0.26780641078948975,4.612866177922115e-06
164,5.469400000000001,0.035615433007478714,-0.20219263434410095,0.27013087272644043,0.03561820089817047,-0.20219206809997559,0.27012741565704346,4.464659014047356e-06
165,5.502750000000001,0.03366682678461075,-0.20251432061195374,0.2724500000476837,0.03366970270872116,-0.20251382887363434,0.2724464535713196,4.592411187331891e-06
166,5.536100000000001,0.03169937804341316,-0.2028200626373291,0.27476638555526733,0.03170225769281387,-0.2028198093175888,0.27476298809051514,4.4608650568989106e-06
167,5.569450000000001,0.029711013659834862,-0.20310941338539124,0.27707892656326294,0.029713932424783707,-0.20310884714126587,0.2770754098892212,4.605085905495798e-06
168,5.602800000000001,0.02769976668059826,-0.2033819705247879,0.2793866991996765,0.027702882885932922,-0.20338162779808044,0.27938318252563477,4.7111775529629085e-06
169,5.636150000000001,0.02566411718726158,-0.2036374807357788,0.2816883325576782,0.025667326524853706,-0.20363710820674896,0.28168487548828125,4.731802619062364e-06
170,5.669500000000001,0.02360248938202858,-0.2038758546113968,0.28398314118385315,0.023605789989233017,-0.20387546718120575,0.2839796543121338,4.816885393665871e-06
171,5.702850000000001,0.021512772887945175,-0.204097181558609,0.2862696349620819,0.02151590771973133,-0.2040969282388687,0.2862662672996521,4.6078725972620305e-06
172,5.736200000000001,0.019393092021346092,-0.2043013870716095,0.28854677081108093,0.019396260380744934,-0.2043011337518692,0.28854334354400635,4.674273441196419e-06
173,5.769550000000001,0.01724187284708023,-0.20448878407478333,0.2908135652542114,0.017245078459382057,-0.20448853075504303,0.290810227394104,4.634806373360334e-06
174,5.802900000000001,0.015057442709803581,-0.2046596109867096,0.29306888580322266,0.0150609090924263,-0.20465928316116333,0.29306548833847046,4.864775746682426e-06
175,5.836250000000001,0.012838472612202168,-0.20481416583061218,0.2953115701675415,0.012841715477406979,-0.2048138678073883,0.2953081727027893,4.70614077130449e-06
176,5.869600000000001,0.010582786053419113,-0.20495294034481049,0.2975403070449829,0.010586105287075043,-0.20495274662971497,0.2975368797779083,4.775039087689947e-06
177,5.902950000000001,0.008289074525237083,-0.20507670938968658,0.2997543215751648,0.008292651735246181,-0.20507656037807465,0.29975101351737976,4.874616024608258e-06
178,5.936300000000001,0.005955585278570652,-0.20518603920936584,0.3019520044326782,0.005959291942417622,-0.20518580079078674,0.3019489049911499,4.8376377890235744e-06
179,5.969650000000001,0.003581186756491661,-0.2052815705537796,0.30413269996643066,0.0035846196115016937,-0.20528167486190796,0.3041296601295471,4.5864999265177175e-06
180,6.003000000000001,0.0011640600860118866,-0.20536430180072784,0.3062952160835266,0.0011676428839564323,-0.20536430180072784,0.3062920570373535,4.776611149281962e-06
181,6.0363500000000005,-0.0012972252443432808,-0.20543524622917175,0.3084382712841034,-0.0012933630496263504,-0.2054351270198822,0.30843502283096313,5.048089406045619e-06
182,6.069700000000001,-0.003803495317697525,-0.20549513399600983,0.31056079268455505,-0.0037995101884007454,-0.2054949402809143,0.31055766344070435,5.070596216683043e-06
183,6.1030500000000005,-0.006356454454362392,-0.20554527640342712,0.31266188621520996,-0.006352721713483334,-0.20554538071155548,0.3126588463783264,4.81506413052557e-06
184,6.136400000000001,-0.008957412093877792,-0.20558691024780273,0.31474053859710693,-0.008953560143709183,-0.20558694005012512,0.31473737955093384,4.9817649596661795e-06
185,6.1697500000000005,-0.011607194319367409,-0.20562118291854858,0.3167956471443176,-0.011603125371038914,-0.2056211233139038,0.3167925477027893,5.115313342685113e-06
186,6.203100000000001,-0.014054086059331894,-0.20564696192741394,0.31863826513290405,-0.014054086059331894,-0.20564696192741394,0.31863826513290405,0.0
